Case UUID,PBRM1
f48fc7d5-ca35-4fdf-8150-0ce34f0f6b3e,2
58ef1a13-a549-4043-b66c-5327bfcbd2e6,1
d4098753-2e83-42c1-a06b-c03f7700e70c,1
439794a8-51bd-4c70-968c-34cf26b90148,1
cdd8eb5c-bda8-4961-9db4-72e0c4907e95,1
1d37becb-7a1f-4d04-a0d1-bb14192b56f6,1
d3638a1f-da14-4c78-bb53-a5cc30850cbe,1
e4da964a-31da-4b81-b6ee-2c6dcee703ea,1
3f93d1cf-a307-4e29-9e6f-239e9ffaa179,1
28c8c2c6-c7bd-4a35-baaf-54133c2ba3ee,1
9c8169e7-9193-41f5-878e-ed1af3b95422,1
db058eb4-9c5e-4226-92d1-de24aea83630,1
a68bd706-58e7-4d36-bffa-6c94986a8d4e,1
28011111-4a01-4cdc-8d6b-7223fb2c501b,1
4e3334e2-918f-4005-bb5a-12a67c7c0380,1
8af42b33-6ab7-4ea0-860d-f3af9177ee2d,1
5daf4808-0393-4791-9927-742c30a20831,1
479035f0-649e-4396-b023-1649a23a01f1,2
88c91a7b-5c41-4361-85d0-da759ab94204,1
794aeb92-205f-4c75-bb1a-0b2c6db99fea,1
69fb3eff-a32c-48e1-aab8-645ef31d163a,1
4b2ec8aa-8460-440e-b75b-6b92ae7a3ffc,1
f2801b21-5444-4cc3-a642-c60c6d82cd3d,1
c129b63f-90cb-40dc-beed-757634004821,1
cfbeefdc-667f-4df0-967f-74b625f0d96a,1
4519a839-11ea-4628-b5a7-071833ad16de,1
73c712fe-54d6-4743-90bb-03313eb9fa77,1
2bc5b2ec-aa8f-4889-9d92-d27f96c9fda1,1
c814c26c-ee8e-4fd8-a3d3-441b302ead3b,1
830b8de5-fd22-49d6-ad1d-c7cf619bf0ac,1
ed560804-50b9-488e-bfa9-33f20cb83106,1
f38a6799-11e0-471c-834e-0d97e00aec07,1
57070e5b-0eb5-44b7-abb3-3007fa34543a,1
d26f3a6b-72f4-4e48-815e-57b8b211112d,1
326745d8-98ca-4f4d-b217-96aea9faa1ad,1
a42103aa-0f25-4939-9f9d-9ec11a5c8cca,1
62c6edc7-170d-4825-ab81-f88b14013cc5,1
0df9ec46-d600-4845-9d00-2dc2732c68d1,1
822cf6c1-dd65-4814-94b1-0c335208ad9b,1
a8db1341-a7fc-4306-91ad-5caaca5c8a6e,1
2711b4a4-9e6f-4a12-add6-c10f72e97d3c,1
46bc69a9-0090-4809-92b8-8cb741d9007d,1
136c95cd-febd-43f0-af35-125d3321a145,1
421e845c-f4e8-4f46-bff6-9aaa9d208e81,1
b809c2f2-185c-496a-a1d4-589294443a1d,1
50f29fc7-c111-4101-b970-b1e1dd3388cf,1
9245a557-01ea-4446-b9e9-313f6ab18834,1
1b0ad45e-b917-4e91-83c4-e5386cdf0eee,1
dc2208d9-dcb3-47ff-826b-676f199b8ccd,1
a43401ae-14cd-4f57-946b-9a9c073f2a47,1
a7ddd737-714d-423f-8fb5-5a932d014487,1
b125ff14-4fb4-4f90-8622-fed49bdfe954,1
03ae8fdb-8a9c-401d-b8e3-b5ea57bad182,1
577847b9-f9b6-4954-868f-3d5ab2b4f694,1
ceb7cd9a-9cb1-42f2-a4ab-0b4381e2b85b,1
6ccd4657-ffa3-4e82-929f-9a7366a89578,1
46c87ae0-c123-4bdc-8a79-d375d8a7e7a3,1
c558dffe-5aea-467e-ae4c-fdc2a43ab2fe,1
e7afc830-fa22-4562-a1f3-0f4f5a34eacd,1
c91a4cc3-aaa9-4bc9-b157-e46551d334c8,1
4bec3959-d59d-4e80-855c-f044a5780780,1
740e8238-8633-422a-a94a-83bbd37c6d77,1
6ab00314-5228-43ba-9880-9d5177b64c61,1
25131445-d3cf-46af-b3c5-ca1d1e3561bb,1
6208a0a6-104e-48e6-964c-39d120b418d3,1
36ed3269-0a57-4c50-bbfa-cfd2a7b56d4f,1
deace3d5-26fc-44d3-9f39-b5cde2c94152,2
bb4a6123-5851-4e49-b859-606ffd2a4d11,1
12c4c4f1-5880-4bf9-9945-80bf45415de6,1
8f936d84-3b81-4d1c-aca1-93f5c86ed1bc,1
692f9978-ada8-43aa-81a1-108464c81609,1
88fc4bc4-32cf-4d92-8c29-20d920b8f719,1
62cf9546-b932-4a5e-bc9b-4103506d296d,1
09d7ce7a-774e-4784-9c9a-32b766fdb173,1
99f59583-2728-4c1d-b98c-8fbc3bb0a819,1
d0f908c5-aafd-4b76-a2fb-39b7cc19bcf7,1
db601d82-e2e7-469c-91da-3dbfcb477326,1
75e02a42-6937-4761-868b-c369c7bd3c72,2
897f85ec-7e14-426a-a532-eed01ccc90f1,1
f217a4f9-d8d8-440e-b73a-5f0448b58c4f,1
ab5266f6-8015-4347-b0bd-131ab1fbad51,1
1d176c53-6cbb-4a39-9a6f-669b4f1cb575,1
9490cd1e-be30-45d3-b1ea-42c157d5f49d,1
3fa6c93e-e7fe-402c-9526-c81411aa0920,1
a55e63a9-5046-4f0f-a1e1-197b783d5387,1
c285ada3-fd49-46a5-882f-b6c352572e2a,1
0d88e6ab-cf1d-4888-878b-0ac7d687c4cc,1
8aaa4e25-5c12-4ace-96dc-91aaa0c4457c,1
b428463a-75d5-4663-a53b-ec2993795cc0,1
9dc7812b-c7a2-4de4-bf6d-4c7261384a62,1
30208a4c-ecb0-4b3c-a349-87e1c1f43e85,1
59f49821-412c-4945-b9e2-be0dcc8bf8bf,1
ce0ab696-4e50-4b05-a7e5-5191c257bfbe,1
9f8aa332-e625-46f7-b77b-1fcb3ca99ee2,1
54c9850c-9b67-42ea-a04b-16a88f786dfa,1
2d7e2ae4-09ba-40af-82ce-66ac7dbd4831,1
4467ae73-499a-4af0-8431-e059d6ed21a5,1
4c325ee1-9b8e-45d4-a0a7-e47ec1eac402,1
cf67eaf8-f5e6-41be-8992-cdb97091e1b0,1
9f4cd3b9-50ef-4f85-84b8-acb0b77887d1,1
f5759059-c0e3-4f1a-af96-5c7197d3c33c,1
3cad2139-0bc5-4c8f-994a-018be7e2e6ea,1
13e25128-9be1-4f67-a43f-a8744a619203,1
0c139772-e303-45d1-b0c7-438fa1db105e,1
fb3a387f-ebc6-4422-a782-5c19056f77f2,1
b6abbdcc-f826-499d-b6f1-f6e2c83f9d8b,1
fb9bafa5-7133-4955-8156-4eb6763dc8e1,1
e1663694-17dd-4b01-b613-2516e022dfb7,1
960d1eaf-0b96-488b-b62c-829c024fd4b8,1
5358b8c7-d69c-4485-9420-03416564187b,1
11ab53c8-6366-4bc9-b60d-23e6ed2d1cae,1
6b1ff32f-75a4-44aa-9da4-b6872e179c9f,1
96c38b74-c22b-4001-bfd0-a37eda1fbaed,1
23c7555b-7a37-415d-bda8-3588078a0c2e,2
4edff57f-4b0e-4770-beac-590da7d7232c,1
73512f9d-c6e4-446f-8e31-666c6af44da5,1
ec3b2a30-fcf6-45ef-bd9d-e6089a237c0f,1
ffb88267-1a97-41c9-ae25-6c6cefaf9dd9,1
4f86dec5-34a7-4c11-9578-7e007a203cbf,1
c5bf474c-6919-47b4-ba59-34ab20c087d5,1
33cd8b05-2b9b-40dd-97a2-40d02e27ee90,1
467bf226-a646-4217-bce6-8d0f11c756eb,1
798d51ff-182e-406c-8885-8a198d9959d1,1
64aa0dd1-a80e-401e-96df-60d121d2cbec,1
393abcf7-1155-4b32-85ca-cd44d259e4b4,1
060b2104-a015-400e-86c6-6febfb02bbd3,1
cfc999aa-802e-4a0d-8b14-be2b19fa2a17,1
a904ce56-42e6-4e61-ab62-cdf8192afbb4,1
07f596f7-8227-47d3-8e95-2e0b86f44f2b,1
f1ed9155-ea54-4435-8920-0df8ed7febda,1
01277e9d-a35f-45d9-9e60-2e8cd79630a0,1
5e248b21-e69d-4dee-a1e8-029ade80d0eb,1
310c31bf-91ce-40b4-99e4-a10242296de9,1
9cdda9fa-d492-4902-afc1-eb2244e70c1b,1
3128d9bf-71fd-4edb-8d07-98f53ef0432e,1
f3a921d5-7a6d-4a6e-893b-a5e1d3f4750b,1
86f68b7d-30f9-4f01-a9ea-5db1fcd00453,1
883c37e2-c723-45d7-9e25-082d1bec34e2,1
18325fdc-594b-4545-a77d-adb07a32ec73,1
74749fe8-f5d0-4d0d-8c7a-e56eba6503b3,1
514af471-31d2-43fa-88dc-8639a5e97181,1
6b033bf5-4ad9-419f-9d2c-63e2e8c80066,1
2f38a984-c359-4d20-b23d-dca2d82f0270,1
73cb1350-7590-4f79-bb86-3f395466652e,1
fae200ed-78e7-4d2d-82b5-aee63fc54d25,1
5722df9f-5631-476d-a11b-b3c1e9a40fbf,1
